08 PORT SWITCH D'LINK,General,,,NOS,,,,,0,CGST+SGST 18%(18.00%),0,Exclusive,0,0
15.6 PAPER LED SCREEN,General,,,NOS,,,,,0,CGST+SGST 18%(18.00%),0,Exclusive,0,0
1.5 MTR CAT 6 CABLE CORD,General,,,NOS,,,,,0,CGST+SGST 18%(18.00%),0,Exclusive,0,0
1.5 MTR PATCH CORD,General,,,NOS,,,,,0,CGST+SGST 18%(18.00%),0,Exclusive,0,0
16 CH CP PLUS DVR 1601K1,General,,,NOS,,,,,0,CGST+SGST 18%(18.00%),0,Exclusive,0,0
1GB DDR2 RAM,General,,,NOS,,,,,0,CGST+SGST 18%(18.00%),0,Exclusive,0,0
2132 HP PRINTER,General,,,NOS,,,,,0,CGST+SGST 18%(18.00%),0,Exclusive,0,0
2200 AMD RYZEN PROCESSOR,General,,,NOS,,,,,0,CGST+SGST 18%(18.00%),0,Exclusive,0,0
2 GB DDR 3 ADATA,General,,,NOS,,,,,0,CGST+SGST 18%(18.00%),0,Exclusive,0,0
2MTR PATCH CORD,General,,,NOS,,,,,0,CGST+SGST 18%(18.00%),0,Exclusive,0,0
2U RACK,General,,,NOS,,,,,0,CGST+SGST 18%(18.00%),0,Exclusive,0,0
4GB DDR 3 ADATA,General,,,NOS,,,,,0,CGST+SGST 18%(18.00%),0,Exclusive,0,0
4GB DDR4 ADATA,General,,,NOS,,,,,0,CGST+SGST 18%(18.00%),0,Exclusive,0,0
4gb Ram Kingston DDR3 Laptop 1600,General,,,NOS,,,,,0,CGST+SGST 18%(18.00%),0,Exclusive,0,0
8GB DDR4 ADATA,General,,,NOS,,,,,0,CGST+SGST 18%(18.00%),0,Exclusive,0,0
8 GB DDR4 CORSAIR,General,,,NOS,,,,,0,CGST+SGST 18%(18.00%),0,Exclusive,0,0
ACESS POINT TENDA O1,General,,,NOS,,,,,0,CGST+SGST 18%(18.00%),0,Exclusive,0,0
AMC CHARGES FOR YEAR,General,,,PACK,,,,,0,CGST+SGST 18%(18.00%),0,Exclusive,0,0
AM POS TERMINAL -TC- TOUCH -D1,General,,,NOS,,,,,0,CGST+SGST 18%(18.00%),0,Exclusive,0,0
AOC 18.5'' LED MONITOR,General,,,NOS,,,,,0,CGST+SGST 18%(18.00%),0,Exclusive,0,0
APC BATTERY RBC144/RBC124 FOR BR1000G/1500G-IN,General,,,NOS,,,,,0,CGST+SGST 28%(28.00%),0,Exclusive,0,0
ARTIS ADAPTOY UNIVERSAL 65W,General,,,NOS,,,,,0,CGST+SGST 18%(18.00%),0,Exclusive,0,0
ARTIS EARPHONES BE210M SPORTS G/29/18-19,General,,,NOS,,,,,0,CGST+SGST 18%(18.00%),0,Exclusive,0,0
ARTIS USB MOUSE,General,,,NOS,,,,,0,CGST+SGST 18%(18.00%),0,Exclusive,0,0
ASUS A320M GAMING MOTHERBOARD,General,,,NOS,,,,,0,CGST+SGST 18%(18.00%),0,Exclusive,0,0
BAGPACK DELL,General,,,NOS,,,,,0,CGST+SGST 18%(18.00%),0,Exclusive,0,0
BAGPACK HP,General,,,NOS,,,,,0,CGST+SGST 18%(18.00%),0,Exclusive,0,0
BAGPACK LENOVO,General,,,NOS,,,,,0,CGST+SGST 18%(18.00%),0,Exclusive,0,0
BATTERY CYBER POWER CYB114,General,,,NOS,,,,,0,CGST+SGST 28%(28.00%),0,Exclusive,0,0
BATTERY EXIDE CS 7AH 12V,General,,,NOS,,,,,0,CGST+SGST 28%(28.00%),0,Exclusive,0,0
BENQ 21.5 GW 2270H,General,,,NOS,,,,,0,CGST+SGST 18%(18.00%),0,Exclusive,0,0
BENQ PROJECTOR MS531P,General,,,NOS,,,,,0,CGST+SGST 18%(18.00%),0,Exclusive,0,0
BNC CONNECTOR,General,,,NOS,,,,,0,CGST+SGST 18%(18.00%),0,Exclusive,0,0
CABINET ZEBION WITH SMPS 1501,General,,,NOS,,,,,0,CGST+SGST 18%(18.00%),0,Exclusive,0,0
CABLE CAT6 DIGISOL BOX,General,,,NOS,,,,,0,CGST+SGST 18%(18.00%),0,Exclusive,0,0
CABLE TIE,General,,,PACK,,,,,0,CGST+SGST 18%(18.00%),0,Exclusive,0,0
CADDY TRAY,General,,,NOS,,,,,0,CGST+SGST 18%(18.00%),0,Exclusive,0,0
CAMERA CP PLUS BULLET 1.3MP,General,,,NOS,,,,,0,CGST+SGST 18%(18.00%),0,Exclusive,0,0
CANON INK BOTTLE 790 BL/CY/MG/Y,General,,,BOTTLE,,,,,0,CGST+SGST 12%(12.00%),0,Exclusive,0,0
CARRY CASE LENOVO BAG PACK,General,,,NOS,,,,,0,CGST+SGST 18%(18.00%),0,Exclusive,0,0
CAT 6 D'LINK CABLE,General,,,MTR,,,,,0,CGST+SGST 18%(18.00%),0,Exclusive,0,0
CCTV CABLE CP PLUS 3+1 FULL COPPER,General,,,MTR,,,,,0,CGST+SGST 18%(18.00%),0,Exclusive,0,0
CCTV SMPS SECUREYE 12V 5AMP,General,,,NOS,,,,,0,CGST+SGST 18%(18.00%),0,Exclusive,0,0
CCTV WIRE DC CONNECTOR,General,,,NOS,,,,,0,CGST+SGST 18%(18.00%),0,Exclusive,0,0
CHESTON BLOWER,General,,,NOS,,,,,0,CGST+SGST 18%(18.00%),0,Exclusive,0,0
CMOS BATTERY,General,,,NOS,,,,,0,CGST+SGST 28%(28.00%),0,Exclusive,0,0
CMOS BATTERY(64),General,,,NOS,,,,,0,CGST+SGST 28%(28.00%),0,Exclusive,0,0
COMBO LOGITECH MK220 WIRELESS,General,,,NOS,,,,,0,CGST+SGST 18%(18.00%),0,Exclusive,0,0
COMPUTER INSTALLATION CHARGES,General,,,NOS,,,,,0,CGST+SGST 18%(18.00%),0,Exclusive,0,0
CP PLUS 5A 12V CP MD50 SMPS (68),General,,,NOS,,,,,0,CGST+SGST 18%(18.00%),0,Exclusive,0,0
CP PLUS CAT6 UTP CABLE 305MTR,General,,,MTR,,,,,0,CGST+SGST 18%(18.00%),0,Exclusive,0,0
CP PLUS RED HDX BULLET CAM CP-GTC-T13L2C(CPREDX005),General,,,NOS,,,,,0,CGST+SGST 18%(18.00%),0,Exclusive,0,0
CP PLUS RED HDX DOME CAMERA CP-GTC-D13L2(CPRED004),General,,,NOS,,,,,0,CGST+SGST 18%(18.00%),0,Exclusive,0,0
CP PLUS SMPS 20 AMP,General,,,NOS,,,,,0,CGST+SGST 18%(18.00%),0,Exclusive,0,0
DAP 1360 WIRELESS N ACESS POINT,General,,,NOS,,,,,0,CGST+SGST 18%(18.00%),0,Exclusive,0,0
DATA MIGRATION CHARGES,General,,,NOS,,,,,0,CGST+SGST 18%(18.00%),0,Exclusive,0,0
Data Recovery Charges,General,,,NOS,,,,,0,CGST+SGST 18%(18.00%),0,Exclusive,0,0
DC ADAPTOR 5V 2AMP,General,,,NOS,,,,,0,CGST+SGST 18%(18.00%),0,Exclusive,0,0
DC PIN,General,,,NOS,,,,,0,CGST+SGST 18%(18.00%),0,Exclusive,0,0
DELL 15R 4YRJH ORGINAL,General,,,NOS,,,,,0,CGST+SGST 28%(28.00%),0,Exclusive,0,0
DELL 18.5 LED E1916HV,General,,,NOS,,,,,0,CGST+SGST 18%(18.00%),0,Exclusive,0,0
DELL 21.5 TFT E2218HN,General,,,NOS,,,,,0,CGST+SGST 18%(18.00%),0,Exclusive,0,0
DELL USB KEYBOARD,General,,,NOS,,,,,0,CGST+SGST 18%(18.00%),0,Exclusive,0,0
DGC-FPXSMSS-A DIGISOL SINGLE FACE PLATE (DP 02),General,,,NOS,,,,,0,CGST+SGST 18%(18.00%),0,Exclusive,0,0
DGC-KS6UWH-BDSFP WITH PUNCHDOWN KEYSTONE,General,,,NOS,,,,,0,CGST+SGST 18%(18.00%),0,Exclusive,0,0
DG-HR3400 DIGISOL 300MBPS HOME ROUTER (D26),General,,,NOS,,,,,0,CGST+SGST 18%(18.00%),0,Exclusive,0,0
DIGISOL CAT 6 I/O,General,,,NOS,,,,,0,CGST+SGST 18%(18.00%),0,Exclusive,0,0
DIGISOL DG WN 3150U WIRELESS USB ADAPTER 349,General,,,NOS,,,,,0,CGST+SGST 18%(18.00%),0,Exclusive,0,0
DIGISOL SURFACE MOUNT BOX,General,,,NOS,,,,,0,CGST+SGST 18%(18.00%),0,Exclusive,0,0
D-LINK DCC-WHI-90 90MTR CCTV 3+1 CABLE,General,,,MTR,,,,,0,CGST+SGST 18%(18.00%),0,Exclusive,0,0
D-LINK RJ 45,General,,,NOS,,,,,0,CGST+SGST 18%(18.00%),0,Exclusive,0,0
DLINK ROUTER DIR 615 WIRELESS,General,,,NOS,,,,,0,CGST+SGST 18%(18.00%),0,Exclusive,0,0
DUAL CORE 3240 3.1 GHZ,General,,,NOS,,,,,0,CGST+SGST 18%(18.00%),0,Exclusive,0,0
DUAL CORE G4400 3.3 GHZ,General,,,NOS,,,,,0,CGST+SGST 18%(18.00%),0,Exclusive,0,0
E CAT 6 - 305MTR ETHERNET DIGILINK DC6AUTP4P3X,General,,,MTR,,,,,0,CGST+SGST 18%(18.00%),0,Exclusive,0,0
ECAT6 FACE PLATE SINGLE(S5),General,,,NOS,,,,,0,CGST+SGST 18%(18.00%),0,Exclusive,0,0
ENTER 61 MOTHERBOARD,General,,,NOS,,,,,0,CGST+SGST 18%(18.00%),0,Exclusive,0,0
Epson C825343 AC Adapter for Thermal Receipt Printers,General,,,NOS,,,,,0,CGST+SGST 18%(18.00%),0,Exclusive,0,0
EPSON INK BOTTLE -T6641-BK,General,,,BOTTLE,,,,,0,CGST+SGST 12%(12.00%),0,Exclusive,0,0
EPSON INK BOTTLE T7741,General,,,BOTTLE,,,,,0,CGST+SGST 12%(12.00%),0,Exclusive,0,0
Epson Lx 310 Ribbon Catriage,General,,,PACK,,,,,0,CGST+SGST 18%(18.00%),0,Exclusive,0,0
EPSON PRINTER TM-82/USB(C31CB10310),General,,,NOS,,,,,0,CGST+SGST 18%(18.00%),0,Exclusive,0,0
Epson T6642 Cyan Ink Bottle(105),General,,,BOTTLE,,,,,0,CGST+SGST 12%(12.00%),0,Exclusive,0,0
Epson T6643 Magenta Ink Bottle (106),General,,,BOTTLE,,,,,0,CGST+SGST 12%(12.00%),0,Exclusive,0,0
Epson T6644 Yllow Ink Bottle (107),General,,,BOTTLE,,,,,0,CGST+SGST 12%(12.00%),0,Exclusive,0,0
ESCAN INTERNET SECURITY SUITE,General,,,PACK,,,,,0,CGST+SGST 18%(18.00%),0,Exclusive,0,0
EXIDE BATTERY 7AH 12V,General,,,NOS,,,,,0,CGST+SGST 28%(28.00%),0,Exclusive,0,0
Extended Warranty,General,,,PACK,,,,,0,CGST+SGST 18%(18.00%),0,Exclusive,0,0
FEES FOR 2160 QUIKREASY CREDITS,General,,,PACK,,,,,0,CGST+SGST 18%(18.00%),0,Exclusive,0,0
Fees for 2520 Quikreasy Credits,General,,,PACK,,,,,0,CGST+SGST 18%(18.00%),0,Exclusive,0,0
FERRULES 6MM/0-9,General,,,NOS,,,,,0,CGST+SGST 18%(18.00%),0,Exclusive,0,0
Foxin 1 S Topper Cabinet,General,,,NOS,,,,,0,CGST+SGST 18%(18.00%),0,Exclusive,0,0
FOXIN 600VA UPS,General,,,NOS,,,,,0,CGST+SGST 18%(18.00%),0,Exclusive,0,0
GIGABYTE GA-J1800M-D3P ATOM,General,,,NOS,,,,,0,CGST+SGST 18%(18.00%),0,Exclusive,0,0
GIGABYTE H110M-S2 MOTHERBOARD,General,,,NOS,,,,,0,CGST+SGST 18%(18.00%),0,Exclusive,0,0
HDD 4TB TOSHIBA SURVEILLANCE,General,,,NOS,,,,,0,CGST+SGST 18%(18.00%),0,Exclusive,0,0
HDD WD 2TB DESKTOP (Purple) Surveillance,General,,,NOS,,,,,0,CGST+SGST 18%(18.00%),0,Exclusive,0,0
HP 15-DA0327TU I3-7100 4GB 1TB W10 + OFF 15.6'',General,,,NOS,,,,,0,CGST+SGST 18%(18.00%),0,Exclusive,0,0
HP INK CART CZ107AA 678 BLACK,General,,,NOS,,,,,0,CGST+SGST 18%(18.00%),0,Exclusive,0,0
HP INK CARTRIAGE 678 COLOUR,General,,,NOS,,,,,0,CGST+SGST 18%(18.00%),0,Exclusive,0,0
HP INK CATRIAGE,General,,,NOS,,,,,0,CGST+SGST 18%(18.00%),0,Exclusive,0,0
IBALL 2.0 SPEAKER SOUNDWAVE 2(152),General,,,NOS,,,,,0,CGST+SGST 18%(18.00%),0,Exclusive,0,0
I BALL 4 PORT USB HUB,General,,,NOS,,,,,0,CGST+SGST 18%(18.00%),0,Exclusive,0,0
IBALL LASER BARCODE READER LS3929(B19),General,,,NOS,,,,,0,CGST+SGST 18%(18.00%),0,Exclusive,0,0
INSTALLATION  AND DIAGNOSIS CHARGES,General,,,NOS,,,,,0,CGST+SGST 18%(18.00%),0,Exclusive,0,0
INSTALLATON CHARGES,General,,,NOS,,,,,0,CGST+SGST 18%(18.00%),0,Exclusive,0,0
INTEX P4 IT - 242 CABINET WITH SMPS,General,,,NOS,,,,,0,CGST+SGST 18%(18.00%),0,Exclusive,0,0
INTEX P4 IT-513 CABINET WITH POWER SUPPLY,General,,,NOS,,,,,0,CGST+SGST 18%(18.00%),0,Exclusive,0,0
INTEX SMPS,General,,,NOS,,,,,0,CGST+SGST 18%(18.00%),0,Exclusive,0,0
INTEX UPS GAMMA 1000-1,General,,,NOS,,,,,0,CGST+SGST 18%(18.00%),0,Exclusive,0,0
JDRR,General,,,PACK,,,,,0,CGST+SGST 18%(18.00%),0,Exclusive,0,0
K7 TOTAL SECURITY 1 USER,General,,,PACK,,,,,0,CGST+SGST 18%(18.00%),0,Exclusive,0,0
KB LENOVO E49,General,,,NOS,,,,,0,CGST+SGST 18%(18.00%),0,Exclusive,0,0
KB LENOVO IDEAPAD 100,General,,,NOS,,,,,0,CGST+SGST 18%(18.00%),0,Exclusive,0,0
KEYBOARD SWAPPING CHARGES,General,,,NOS,,,,,0,CGST+SGST 18%(18.00%),0,Exclusive,0,0
LABOUR CHARGES,General,,,NOS,,,,,0,CGST+SGST 18%(18.00%),0,Exclusive,0,0
LAN JOINTER,General,,,NOS,,,,,0,CGST+SGST 18%(18.00%),0,Exclusive,0,0
LAPCARE 2GB DDR3,General,,,NOS,,,,,0,CGST+SGST 18%(18.00%),0,Exclusive,0,0
LAPCARE 4GB DDR3 RAM,General,,,NOS,,,,,0,CGST+SGST 18%(18.00%),0,Exclusive,0,0
Lapcare 4 Way Extension Socket with Spike Buster 2m,General,,,NOS,,,,,0,CGST+SGST 18%(18.00%),0,Exclusive,0,0
LAPCARE ADAPTOR-CHARGER,General,,,NOS,,,,,0,CGST+SGST 18%(18.00%),0,Exclusive,0,0
Lapcare Cctv Smps12v 5a,General,,,NOS,,,,,0,CGST+SGST 18%(18.00%),0,Exclusive,0,0
Lapcare Data Cable Compatiable for Iphone,General,,,NOS,,,,,0,CGST+SGST 18%(18.00%),0,Exclusive,0,0
LAPCARE G41 MOTHERBOARD,General,,,NOS,,,,,0,CGST+SGST 18%(18.00%),0,Exclusive,0,0
LAPCARE H61 MOTHERBOARD,General,,,NOS,,,,,0,CGST+SGST 18%(18.00%),0,Exclusive,0,0
LAPCARE HUB USB 2.0 4 PORT,General,,,NOS,,,,,0,CGST+SGST 18%(18.00%),0,Exclusive,0,0
LAPCARE LED MONITOR -15.6 (VGA+HDMI),General,,,NOS,,,,,0,CGST+SGST 18%(18.00%),0,Exclusive,0,0
LAPCARE MOTHERBOARD 945G,General,,,NOS,,,,,0,CGST+SGST 18%(18.00%),0,Exclusive,0,0
LAPCARE POWER BANK,General,,,NOS,,,,,0,CGST+SGST 18%(18.00%),0,Exclusive,0,0
Lapcare Power Supply,General,,,NOS,,,,,0,CGST+SGST 18%(18.00%),0,Exclusive,0,0
LAPCARE TONER CATRIDGE 925,General,,,NOS,,,,,0,CGST+SGST 18%(18.00%),0,Exclusive,0,0
Lapcare Usb Mouse,General,,,NOS,,,,,0,CGST+SGST 18%(18.00%),0,Exclusive,0,0
Lapcare Usb Multimedia Keyboard,General,,,NOS,,,,,0,CGST+SGST 18%(18.00%),0,Exclusive,0,0
LAPCARE WIRELESS COMBO,General,,,NOS,,,,,0,CGST+SGST 18%(18.00%),0,Exclusive,0,0
LAPCARE WIRELESS MOUSE,General,,,NOS,,,,,0,CGST+SGST 18%(18.00%),0,Exclusive,0,0
LAPTOP BATTERY,General,,,NOS,,,,,0,CGST+SGST 28%(28.00%),0,Exclusive,0,0
LAPTOP DVD-RW,General,,,NOS,,,,,0,CGST+SGST 18%(18.00%),0,Exclusive,0,0
Laptop Keyboard,General,,,NOS,,,,,0,CGST+SGST 18%(18.00%),0,Exclusive,0,0
LAPTOP LENOVO IP330 81DE02YHIN,General,,,NOS,,,,,0,CGST+SGST 18%(18.00%),0,Exclusive,0,0
LAPTOP RAM ADATA 8 GB DD4,General,,,NOS,,,,,0,CGST+SGST 18%(18.00%),0,Exclusive,0,0
LAPTOP SCREEN,General,,,NOS,,,,,0,CGST+SGST 18%(18.00%),0,Exclusive,0,0
L/B AVER-TEK 4741,General,,,NOS,,,,,0,CGST+SGST 18%(18.00%),0,Exclusive,0,0
L/B DELL 1520 (KY266),General,,,NOS,,,,,0,CGST+SGST 18%(18.00%),0,Exclusive,0,0
L/B DELL 15R (4YRJH),General,,,NOS,,,,,0,CGST+SGST 18%(18.00%),0,Exclusive,0,0
Lenovo Ideapad 110 Keyboard with Touch and Body Pan,General,,,NOS,,,,,0,CGST+SGST 18%(18.00%),0,Exclusive,0,0
LENOVO IP320 80XR01DLIN PQC 4GB 1TB 15.6'' DOS,General,,,NOS,,,,,0,CGST+SGST 18%(18.00%),0,Exclusive,0,0
Lenovo IP S145 81mv00m3in PG5405/4gb/1tb,General,,,NOS,,,,,0,CGST+SGST 18%(18.00%),0,Exclusive,0,0
LITEON DVD-RW,General,,,NOS,,,,,0,CGST+SGST 18%(18.00%),0,Exclusive,0,0
Live Techcf02 Cpu Fan,General,,,NOS,,,,,0,CGST+SGST 18%(18.00%),0,Exclusive,0,0
LOGITECH CORDLESS MOUSE M170,General,,,NOS,,,,,0,CGST+SGST 18%(18.00%),0,Exclusive,0,0
MAINTAINANCE PAD AND PRINT HEAD,General,,,NOS,,,,,0,CGST+SGST 18%(18.00%),0,Exclusive,0,0
MANZANA MZ1504H 15.4'' LED MONITOR VGA+HDMI,General,,,NOS,,,,,0,CGST+SGST 18%(18.00%),0,Exclusive,0,0
MARK 2U NETWORKING RACK(M4),General,,,NOS,,,,,0,CGST+SGST 18%(18.00%),0,Exclusive,0,0
MARK 6U NETWORKING RACK (M5),General,,,NOS,,,,,0,CGST+SGST 18%(18.00%),0,Exclusive,0,0
Microsoft Win10 F.P.P.,General,,,PACK,,,,,0,CGST+SGST 18%(18.00%),0,Exclusive,0,0
MONITOR AOC 15.6'' LED,General,,,NOS,,,,,0,CGST+SGST 18%(18.00%),0,Exclusive,0,0
MONITOR COMPAQ B191 18.5'' LED,General,,,NOS,,,,,0,CGST+SGST 18%(18.00%),0,Exclusive,0,0
MOTHERBOARD ASUS H310M -CS R2.0,General,,,NOS,,,,,0,CGST+SGST 18%(18.00%),0,Exclusive,0,0
MOTHERBOARD ASUS H81M-CS,General,,,NOS,,,,,0,CGST+SGST 18%(18.00%),0,Exclusive,0,0
MOTHERBORD ZEBION H61,General,,,NOS,,,,,0,CGST+SGST 18%(18.00%),0,Exclusive,0,0
MOUSE PAD,General,,,NOS,,,,,0,CGST+SGST 18%(18.00%),0,Exclusive,0,0
NET PROTECTOR TOTAL SECURITY GOLD SINGLE USER,General,,,PACK,,,,,0,CGST+SGST 18%(18.00%),0,Exclusive,0,0
NETWORKING CHARGES,General,,,NOS,,,,,0,CGST+SGST 18%(18.00%),0,Exclusive,0,0
online advertisements,General,,,PACK,,,,,0,CGST+SGST 18%(18.00%),0,Exclusive,0,0
PATCH CORD 1MTR CAT 6,General,,,MTR,,,,,0,CGST+SGST 18%(18.00%),0,Exclusive,0,0
Payment Towards Annual Maintainance Contract,General,,,PACK,,,,,0,CGST+SGST 18%(18.00%),0,Exclusive,0,0
P/H,General,,,NOS,,,,,0,CGST+SGST 18%(18.00%),0,Exclusive,0,0
POWER BUTTON,General,,,NOS,,,,,0,CGST+SGST 18%(18.00%),0,Exclusive,0,0
POWER CORD,General,,,NOS,,,,,0,CGST+SGST 18%(18.00%),0,Exclusive,0,0
POWERSAFE LAPTOP ADAPTOR 65W,General,,,NOS,,,,,0,CGST+SGST 18%(18.00%),0,Exclusive,0,0
POWER SAFE UPS 1 KVA,General,,,NOS,,,,,0,CGST+SGST 18%(18.00%),0,Exclusive,0,0
POWER SAFE UPS 600VA,General,,,NOS,,,,,0,CGST+SGST 18%(18.00%),0,Exclusive,0,0
POWER SUPPLY CARD,General,,,NOS,,,,,0,CGST+SGST 18%(18.00%),0,Exclusive,0,0
POWER SUPPLY NUC,General,,,NOS,,,,,0,CGST+SGST 18%(18.00%),0,Exclusive,0,0
PRINTER INSTALLATION CHARGES,General,,,NOS,,,,,0,CGST+SGST 18%(18.00%),0,Exclusive,0,0
PRINTER PANTUM (M6502) PRINT SCAN COPY,General,,,NOS,,,,,0,CGST+SGST 18%(18.00%),0,Exclusive,0,0
PRINTER REPAIR CHARGES,General,,,NOS,,,,,0,CGST+SGST 18%(18.00%),0,Exclusive,0,0
PROCESSOR INTEL 9100F,General,,,NOS,,,,,0,CGST+SGST 18%(18.00%),0,Exclusive,0,0
QH INTERNET SECURITY PREMIUM 1 PC,General,,,PACK,,,,,0,CGST+SGST 18%(18.00%),0,Exclusive,0,0
QH INTERNET SECURITY PREMIUM 3 PCS,General,,,PACK,,,,,0,CGST+SGST 18%(18.00%),0,Exclusive,0,0
QH IS PREMIUM UPGRADE RE 1 PC/ 1 YEAR,General,,,PACK,,,,,0,CGST+SGST 18%(18.00%),0,Exclusive,0,0
QUARTERLY PAYMENT TOWARDS AMC 17-18,General,,,PACK,,,,,0,CGST+SGST 18%(18.00%),0,Exclusive,0,0
QUICK HEAL IS 3 USERS 1 YEAR,General,,,PACK,,,,,0,CGST+SGST 18%(18.00%),0,Exclusive,0,0
RAM CRUCIAL 8GB DDR4 DESKTOP,General,,,NOS,,,,,0,CGST+SGST 18%(18.00%),0,Exclusive,0,0
Ram EVM 2gb Ddr3 Desktop,General,,,NOS,,,,,0,CGST+SGST 18%(18.00%),0,Exclusive,0,0
RDP B800,General,,,NOS,,,,,0,CGST+SGST 18%(18.00%),0,Exclusive,0,0
REAPAIR CHARGES,General,,,NOS,,,,,0,CGST+SGST 18%(18.00%),0,Exclusive,0,0
REFERBISHED LENOVO 240W POWERSUPPLY 54Y8846 0A37783,General,,,NOS,,,,,0,CGST+SGST 18%(18.00%),0,Exclusive,0,0
REFERBISHED POWER SWITCH,General,,,NOS,,,,,0,CGST+SGST 18%(18.00%),0,Exclusive,0,0
RELICELL BATTERY SMF 7AH12V,General,,,NOS,,,,,0,CGST+SGST 28%(28.00%),0,Exclusive,0,0
SANDISK FLASH DRIVE 16 GB,General,,,NOS,,,,,0,CGST+SGST 18%(18.00%),0,Exclusive,0,0
SCANDISK METAL 3.0 SDCZ71 16GB PENDRIVE,General,,,NOS,,,,,0,CGST+SGST 18%(18.00%),0,Exclusive,0,0
SECUREYE 8 CH- 1080N-SC-S-8CH1S-2M,General,,,NOS,,,,,0,CGST+SGST 18%(18.00%),0,Exclusive,0,0
SECUREYE CAMERA 2MP 20M SW20-2MPIRN B,General,,,NOS,,,,,0,CGST+SGST 18%(18.00%),0,Exclusive,0,0
SECUREYE FALCON SD-2MPIR-2M-DOME CAMERA,General,,,NOS,,,,,0,CGST+SGST 18%(18.00%),0,Exclusive,0,0
Secureye Falcon Series Ahd Camera 2mp,General,,,NOS,,,,,0,CGST+SGST 18%(18.00%),0,Exclusive,0,0
SECUREYE FALCON XVR 1080N (SCF-XVR-04CH),General,,,NOS,,,,,0,CGST+SGST 18%(18.00%),0,Exclusive,0,0
SECUREYE FALCON XVR 1080N (SCF-XVR-08CH),General,,,NOS,,,,,0,CGST+SGST 18%(18.00%),0,Exclusive,0,0
SECUREYE POWER SUPPLY SC-S-400-IB,General,,,NOS,,,,,0,CGST+SGST 18%(18.00%),0,Exclusive,0,0
SECUREYE S-4C1S-2M-1080-4CH-XVR,General,,,NOS,,,,,0,CGST+SGST 18%(18.00%),0,Exclusive,0,0
SECUREYE SMPS SC-S-PS08 8CH,General,,,NOS,,,,,0,CGST+SGST 18%(18.00%),0,Exclusive,0,0
SEGATE 1TB LAPTOP HARDISK,General,,,NOS,,,,,0,CGST+SGST 18%(18.00%),0,Exclusive,0,0
SEGATE 1 TB SURVELLANCE HDD,General,,,NOS,,,,,0,CGST+SGST 18%(18.00%),0,Exclusive,0,0
SEGATE 500GB DESKTOP HDD,General,,,NOS,,,,,0,CGST+SGST 18%(18.00%),0,Exclusive,0,0
SEGATE HDD 1 TB SATA 3.5'',General,,,NOS,,,,,0,CGST+SGST 18%(18.00%),0,Exclusive,0,0
SERVICE CHARGES,General,,,NOS,,,,,0,CGST+SGST 18%(18.00%),0,Exclusive,0,0
Sipke Guard Zebion Pure Power Dash,General,,,NOS,,,,,0,CGST+SGST 18%(18.00%),0,Exclusive,0,0
Smps Corsair Vs450a,General,,,NOS,,,,,0,CGST+SGST 18%(18.00%),0,Exclusive,0,0
SMPS CORSAIR VS550A,General,,,NOS,,,,,0,CGST+SGST 18%(18.00%),0,Exclusive,0,0
SMPS CORSAIR VS650A,General,,,NOS,,,,,0,CGST+SGST 18%(18.00%),0,Exclusive,0,0
SMPS CP PLUS CCTV 10A,General,,,NOS,,,,,0,CGST+SGST 18%(18.00%),0,Exclusive,0,0
SMPS VIP 400R PLUS,General,,,NOS,,,,,0,CGST+SGST 18%(18.00%),0,Exclusive,0,0
SOFTWARE CONFIGURATION CHARGES,General,,,NOS,,,,,0,CGST+SGST 18%(18.00%),0,Exclusive,0,0
SOFTWARE INSTALLATION CHARGES,General,,,NOS,,,,,0,CGST+SGST 18%(18.00%),0,Exclusive,0,0
SPARE CANON BLACK BJ CATRIAGE QY6-8003-000-N,General,,,NOS,,,,,0,CGST+SGST 18%(18.00%),0,Exclusive,0,0
SPARE CANONCOLOUR BJ CATRIAGE QY6-8019-000,General,,,NOS,,,,,0,CGST+SGST 18%(18.00%),0,Exclusive,0,0
SPARE CANON POWER SUPPLY UNIT QK2 1615 000,General,,,NOS,,,,,0,CGST+SGST 18%(18.00%),0,Exclusive,0,0
SSD MICRON 120GB,General,,,NOS,,,,,0,CGST+SGST 18%(18.00%),0,Exclusive,0,0
SSD MICRON 240GB,General,,,NOS,,,,,0,CGST+SGST 18%(18.00%),0,Exclusive,0,0
STAND FOR CCTV ROTATING ELECTRIC BRACKET,General,,,NOS,,,,,0,CGST+SGST 18%(18.00%),0,Exclusive,0,0
STARTRONIX 2U MINI DVR RACK,General,,,NOS,,,,,0,CGST+SGST 18%(18.00%),0,Exclusive,0,0
Str Epson Erc 38,General,,,PACK,,,,,0,CGST+SGST 18%(18.00%),0,Exclusive,0,0
SUPER TECH RIBBONS,General,,,PACK,,,,,0,CGST+SGST 18%(18.00%),0,Exclusive,0,0
SURFACE MOUNT BOX FOR I/O(S18),General,,,NOS,,,,,0,CGST+SGST 18%(18.00%),0,Exclusive,0,0
SYSTEM DIAGNOSIS CHARGES,General,,,NOS,,,,,0,CGST+SGST 18%(18.00%),0,Exclusive,0,0
SYSTEM UPGRADATION CHARGES,General,,,NOS,,,,,0,CGST+SGST 18%(18.00%),0,Exclusive,0,0
TA13L2 1.3MP 20MTR BULLET CAM CP PLUS,General,,,NOS,,,,,0,CGST+SGST 18%(18.00%),0,Exclusive,0,0
TA24L2 2.4MP 20MTR BULLET CAM CP  PLUS,General,,,NOS,,,,,0,CGST+SGST 18%(18.00%),0,Exclusive,0,0
Tenda Outdoor Point to Point CPE T,General,,,NOS,,,,,0,CGST+SGST 18%(18.00%),0,Exclusive,0,0
TENDA TE-AC5 ROUTER AC1200 DUAL BAND,General,,,NOS,,,,,0,CGST+SGST 18%(18.00%),0,Exclusive,0,0
TENDA TE-F3 300MBPS WIRELESS ROUTER,General,,,NOS,,,,,0,CGST+SGST 18%(18.00%),0,Exclusive,0,0
TENDA TE-U3 WIRELESS USB ADAPTER 150MBPS,General,,,NOS,,,,,0,CGST+SGST 18%(18.00%),0,Exclusive,0,0
TONNER CANON INFYTON 925,General,,,NOS,,,,,0,CGST+SGST 18%(18.00%),0,Exclusive,0,0
TONNER GLOIMA 101,General,,,NOS,,,,,0,CGST+SGST 18%(18.00%),0,Exclusive,0,0
TONNER GLOIMA 12A,General,,,NOS,,,,,0,CGST+SGST 18%(18.00%),0,Exclusive,0,0
TOSHIBA 1 TB AV HARD DISK 3.5'',General,,,NOS,,,,,0,CGST+SGST 18%(18.00%),0,Exclusive,0,0
TOWARDS AMC 18-19,General,,,PACK,,,,,0,CGST+SGST 18%(18.00%),0,Exclusive,0,0
TRANSCEND 2GB DDR3 RAM 1333,General,,,NOS,,,,,0,CGST+SGST 18%(18.00%),0,Exclusive,0,0
USB LAN,General,,,NOS,,,,,0,CGST+SGST 18%(18.00%),0,Exclusive,0,0
USB PRINTER CABLE 1.5 MTR,General,,,MTR,,,,,0,CGST+SGST 18%(18.00%),0,Exclusive,0,0
USB SOUND CARD,General,,,NOS,,,,,0,CGST+SGST 18%(18.00%),0,Exclusive,0,0
V380 PRO PTZ CAMERA,General,,,NOS,,,,,0,CGST+SGST 18%(18.00%),0,Exclusive,0,0
VGA 5MTR CABLE,General,,,MTR,,,,,0,CGST+SGST 18%(18.00%),0,Exclusive,0,0
VGA CABLE 1.5 MTR,General,,,MTR,,,,,0,CGST+SGST 18%(18.00%),0,Exclusive,0,0
Vintron 8ch Smps,General,,,NOS,,,,,0,CGST+SGST 18%(18.00%),0,Exclusive,0,0
VISIT CHARGES,General,,,NOS,,,,,0,CGST+SGST 18%(18.00%),0,Exclusive,0,0
WARRANTY CLAIM CHARGES,General,,,PACK,,,,,0,CGST+SGST 18%(18.00%),0,Exclusive,0,0
WD 1 TD SATA HDD BLUE,General,,,NOS,,,,,0,CGST+SGST 18%(18.00%),0,Exclusive,0,0
WD 2TB AV PURPLE HARD DISK,General,,,NOS,,,,,0,CGST+SGST 18%(18.00%),0,Exclusive,0,0
WINDOWS AND SOFTWARE INSTALLATION CHARGES,General,,,NOS,,,,,0,CGST+SGST 18%(18.00%),0,Exclusive,0,0
WN725 TP-LINK WIRELESS NANO ADPTOR,General,,,NOS,,,,,0,CGST+SGST 18%(18.00%),0,Exclusive,0,0
ZEBION CABINET,General,,,NOS,,,,,0,CGST+SGST 18%(18.00%),0,Exclusive,0,0
ZEBION CABINET VIXEN GALA W/O SMPS,General,,,NOS,,,,,0,CGST+SGST 18%(18.00%),0,Exclusive,0,0
ZEBION CABINET VIXEN POD W/O SMPS,General,,,NOS,,,,,0,CGST+SGST 18%(18.00%),0,Exclusive,0,0
ZEBION G31 MOTHERBOARD,General,,,NOS,,,,,0,CGST+SGST 18%(18.00%),0,Exclusive,0,0
ZEBION G41,General,,,NOS,,,,,0,CGST+SGST 18%(18.00%),0,Exclusive,0,0
ZEBION GAME PAD,General,,,NOS,,,,,0,CGST+SGST 18%(18.00%),0,Exclusive,0,0
ZEBION H55 MOTHERBOARD,General,,,NOS,,,,,0,CGST+SGST 18%(18.00%),0,Exclusive,0,0
ZEBION SMPS,General,,,NOS,,,,,0,CGST+SGST 18%(18.00%),0,Exclusive,0,0
ZEBION WIFI ADPTOR,General,,,NOS,,,,,0,CGST+SGST 18%(18.00%),0,Exclusive,0,0
ZEBRA PRINTER WAX RIBBON,General,,,NOS,,,,,0,CGST+SGST 18%(18.00%),0,Exclusive,0,0
ZOTAC GEFORECE GT 710 2GB DDR5,General,,,NOS,,,,,0,CGST+SGST 18%(18.00%),0,Exclusive,0,0
