ZS10 Pro,Audio,GH-ZS10PRO-BLACK-UNIT,N/A,-2.00 pcs,N/A,KZ,1
ZS10 Pro,Audio,GH-ZS10PRO-BLUE-UNIT,190723220,0.00 pcs,N/A,KZ,1
ZS10 Pro,Audio,GH-ZS10PRO-PURPLE-UNIT,190723222,0.00 pcs,N/A,KZ,1
ZS10 Pro,Audio,GH-ZS10PRO-GLAREBLUE-UNIT,N/A,0.00 pcs,N/A,KZ,1
ZS10 Pro,Audio,GH-ZS10PRO-GLAREGOLD-UNIT,N/A,0.00 pcs,N/A,KZ,1
Mi Band 4,Wearables,GH-XIAOMI-MB4-BLK,6.93E+12,447.00 pcs,N/A,Xiaomi,100
Mi Band 4,Wearables,GH-XIAOMI-MB4-WineRed,N/A,0.00 pcs,N/A,Xiaomi,100
Redmi Airdots,Audio,GH-REDMIAIRDOTS-BLK,6.93E+12,2.00 pcs,N/A,Xiaomi,100
Piston Fresh,Audio,GH-PISTONFRESH-BLK,6.97E+12,"1,457.00 pcs",N/A,Xiaomi,180
Piston Fresh,Audio,GH-PISTONFRESH-BLUE,6.97E+12,17.00 pcs,N/A,Xiaomi,180
Piston Fresh,Audio,GH-PISTONFRESH-PPLE,6.97E+12,65.00 pcs,N/A,Xiaomi,180
Piston Fresh,Audio,GH-PISTONFRESH-SLVR,6.97E+12,687.00 pcs,N/A,Xiaomi,180
Piston Fresh,Audio,GH-PISTONFRESH-PINK,6.97E+12,242.00 pcs,N/A,Xiaomi,180
ZS3,Audio,GH-KZ-ZS3,6.97E+12,1.00 pcs,N/A,KZ,100
Edon Handheld Mini Fan,Appliances,GH-EDON-WHITE,190723101,10.00 pcs,N/A,Edon,1
Edon Handheld Mini Fan,Appliances,GH-EDON-GREEN,190723102,2.00 pcs,N/A,Edon,1
Edon Handheld Mini Fan,Appliances,GH-EDON-PINK,190723103,19.00 pcs,N/A,Edon,1
X12 Pro,Audio,GH-SABBAT-X12-BLACK,190722001,179.00 pcs,N/A,Sabbat,1
X12 Pro,Audio,GH-SABBAT-X12-WHITE,190722003,71.00 pcs,N/A,Sabbat,1
X12 Pro,Audio,GH-SABBAT-X12-RED,190722002,58.00 pcs,N/A,Sabbat,1
X12 Pro,Audio,GH-SABBAT-X12-BLUE,190722004,53.00 pcs,N/A,Sabbat,1
X12 Pro,Audio,GH-SABBAT-X12-GREEN,190722005,106.00 pcs,N/A,Sabbat,1
X12 Pro,Audio,GH-SABBAT-X12-PINK,190722006,194.00 pcs,N/A,Sabbat,1
X12 Pro,Audio,GH-SABBAT-X12-DANCER,DNC,124.00 pcs,N/A,Sabbat,1
X12 Pro,Audio,GH-SABBAT-X12-FLAME,190722008,337.00 pcs,N/A,Sabbat,1
X12 Pro,Audio,GH-SABBAT-X12-BLOOMING,BLM,167.00 pcs,N/A,Sabbat,1
X12 Pro,Audio,GH-SABBAT-X12-HWY,HWY,130.00 pcs,N/A,Sabbat,1
X12 Pro,Audio,GH-SABBAT-X12-ICESOUL,ISL,98.00 pcs,N/A,Sabbat,1
X12 Pro,Audio,GH-SABBAT-X12-FANTACY,FNT,119.00 pcs,N/A,Sabbat,1
Xiaomi Alkaline AA Battery,Camera Accessories,AA Battery,6.93E+12,"2,483.00 pcs",N/A,Xiaomi,0
